{"cameraMode":{"drawMode":0,"name":"Shaded","section":"Shading Mode"},"sceneLighting":true,"audioPlay":false,"sceneViewState":{"showFog":true,"showMaterialUpdate":false,"showSkybox":true,"showFlares":true,"showImageEffects":true,"showParticleSystems":true},"in2DMode":false,"pivot":{"x":0.12174224853515625,"y":68.70157623291016,"z":-35.213958740234378},"rotation":{"x":0.16881226003170014,"y":0.04580998793244362,"z":-0.007854798808693886,"w":0.9845526814460754},"size":243.21688842773438,"orthographic":false}