{"cameraMode":{"drawMode":0,"name":"Shaded","section":"Shading Mode"},"sceneLighting":true,"audioPlay":false,"sceneViewState":{"showFog":true,"showMaterialUpdate":false,"showSkybox":true,"showFlares":true,"showImageEffects":true,"showParticleSystems":true},"in2DMode":false,"pivot":{"x":11.452080726623536,"y":59.87036895751953,"z":1.0665417909622193},"rotation":{"x":-0.03327389061450958,"y":-0.04349973797798157,"z":0.0014154961099848152,"w":-0.9985142350196838},"size":89.62222290039063,"orthographic":false}