{"cameraMode":{"drawMode":0,"name":"Shaded","section":"Shading Mode"},"sceneLighting":false,"audioPlay":false,"sceneViewState":{"showFog":true,"showMaterialUpdate":false,"showSkybox":false,"showFlares":true,"showImageEffects":true,"showParticleSystems":true},"in2DMode":false,"pivot":{"x":11.995384216308594,"y":44.46999740600586,"z":-5.897522926330566},"rotation":{"x":0.1814718395471573,"y":-0.5613787174224854,"z":0.1277816742658615,"w":0.797244668006897},"size":30.668121337890626,"orthographic":false}