{"cameraMode":{"drawMode":0,"name":"Shaded","section":"Shading Mode"},"sceneLighting":true,"audioPlay":false,"sceneViewState":{"showFog":true,"showMaterialUpdate":false,"showSkybox":true,"showFlares":true,"showImageEffects":true,"showParticleSystems":true},"in2DMode":false,"pivot":{"x":8.000885963439942,"y":56.108116149902347,"z":2.93280029296875},"rotation":{"x":0.12151238322257996,"y":-0.004468921571969986,"z":0.0005886185681447387,"w":0.9926165342330933},"size":122.06649780273438,"orthographic":false}