{"cameraMode":{"drawMode":0,"name":"Shaded","section":"Shading Mode"},"sceneLighting":true,"audioPlay":false,"sceneViewState":{"showFog":true,"showMaterialUpdate":false,"showSkybox":true,"showFlares":true,"showImageEffects":true,"showParticleSystems":true},"in2DMode":false,"pivot":{"x":8.068936347961426,"y":26.829055786132814,"z":-4.3444976806640629},"rotation":{"x":0.12151238322257996,"y":-0.004468921571969986,"z":0.0005886185681447387,"w":0.9926165342330933},"size":153.66664123535157,"orthographic":false}