{"cameraMode":{"drawMode":0,"name":"Shaded","section":"Shading Mode"},"sceneLighting":true,"audioPlay":false,"sceneViewState":{"showFog":true,"showMaterialUpdate":false,"showSkybox":true,"showFlares":true,"showImageEffects":true,"showParticleSystems":true},"in2DMode":false,"pivot":{"x":11.883878707885743,"y":39.485939025878909,"z":19.438461303710939},"rotation":{"x":0.21155402064323426,"y":-0.03664401173591614,"z":0.007957234047353268,"w":0.9766803979873657},"size":122.84149932861328,"orthographic":false}