{"cameraMode":{"drawMode":0,"name":"Shaded","section":"Shading Mode"},"sceneLighting":true,"audioPlay":false,"sceneViewState":{"showFog":true,"showMaterialUpdate":false,"showSkybox":true,"showFlares":true,"showImageEffects":true,"showParticleSystems":true},"in2DMode":false,"pivot":{"x":-7.994370460510254,"y":55.9614372253418,"z":31.78003692626953},"rotation":{"x":-0.03030361235141754,"y":0.009592652320861817,"z":-0.00029077642830088735,"w":-0.9994954466819763},"size":106.94164276123047,"orthographic":false}