{"cameraMode":{"drawMode":0,"name":"Shaded","section":"Shading Mode"},"sceneLighting":true,"audioPlay":false,"sceneViewState":{"showFog":true,"showMaterialUpdate":false,"showSkybox":true,"showFlares":true,"showImageEffects":true,"showParticleSystems":true},"in2DMode":false,"pivot":{"x":59.30171585083008,"y":79.40037536621094,"z":-23.937408447265626},"rotation":{"x":-0.2002193182706833,"y":0.7337686419487,"z":-0.2442314475774765,"w":-0.6015470623970032},"size":794.5780639648438,"orthographic":false}