{"cameraMode":{"drawMode":0,"name":"Shaded","section":"Shading Mode"},"sceneLighting":true,"audioPlay":false,"sceneViewState":{"showFog":true,"showMaterialUpdate":true,"showSkybox":true,"showFlares":true,"showImageEffects":true,"showParticleSystems":true},"in2DMode":false,"pivot":{"x":197.38819885253907,"y":14.487380981445313,"z":-109.14230346679688},"rotation":{"x":0.4172077178955078,"y":-0.27964526414871218,"z":0.1366424262523651,"w":0.8538562655448914},"size":2447.226318359375,"orthographic":false}