{"cameraMode":{"drawMode":0,"name":"Shaded","section":"Shading Mode"},"sceneLighting":true,"audioPlay":false,"sceneViewState":{"showFog":true,"showMaterialUpdate":true,"showSkybox":true,"showFlares":true,"showImageEffects":true,"showParticleSystems":true},"in2DMode":false,"pivot":{"x":-5.952722072601318,"y":49.73672866821289,"z":31.043392181396486},"rotation":{"x":0.08075830340385437,"y":-0.061259880661964419,"z":0.004972946830093861,"w":0.9948381185531616},"size":122.45236206054688,"orthographic":false}