{"cameraMode":{"drawMode":0,"name":"Shaded","section":"Shading Mode"},"sceneLighting":false,"audioPlay":false,"sceneViewState":{"showFog":true,"showMaterialUpdate":false,"showSkybox":false,"showFlares":true,"showImageEffects":true,"showParticleSystems":true},"in2DMode":false,"pivot":{"x":4.75618839263916,"y":-1.5394326448440552,"z":2.6127729415893556},"rotation":{"x":0.023577837273478509,"y":-0.1863522231578827,"z":0.004473352339118719,"w":0.9822012186050415},"size":10.944862365722657,"orthographic":true}