{"cameraMode":{"drawMode":0,"name":"Shaded","section":"Shading Mode"},"sceneLighting":true,"audioPlay":false,"sceneViewState":{"showFog":true,"showMaterialUpdate":false,"showSkybox":true,"showFlares":true,"showImageEffects":true,"showParticleSystems":true},"in2DMode":false,"pivot":{"x":-27.182655334472658,"y":58.83458709716797,"z":43.72682189941406},"rotation":{"x":-0.1068362444639206,"y":-0.03429853543639183,"z":-0.0036841235123574735,"w":0.9936918616294861},"size":135.4157257080078,"orthographic":false}