{"cameraMode":{"drawMode":0,"name":"Shaded","section":"Shading Mode"},"sceneLighting":false,"audioPlay":false,"sceneViewState":{"showFog":true,"showMaterialUpdate":false,"showSkybox":false,"showFlares":true,"showImageEffects":true,"showParticleSystems":true},"in2DMode":false,"pivot":{"x":11.995384216308594,"y":44.46999740600586,"z":-5.897522926330566},"rotation":{"x":0.023577837273478509,"y":-0.1863522231578827,"z":0.004473352339118719,"w":0.9822012186050415},"size":40.06526184082031,"orthographic":true}