{"cameraMode":{"drawMode":0,"name":"Shaded","section":"Shading Mode"},"sceneLighting":false,"audioPlay":false,"sceneViewState":{"showFog":false,"showMaterialUpdate":true,"showSkybox":false,"showFlares":true,"showImageEffects":true,"showParticleSystems":true},"in2DMode":false,"pivot":{"x":22.69586181640625,"y":16.282352447509767,"z":38.115386962890628},"rotation":{"x":0.17762945592403413,"y":-0.22081075608730317,"z":0.040936630219221118,"w":0.9581333994865418},"size":10.0,"orthographic":false}